Points:0,Points:1,Row ID
429140,-1.1465e+06,0
429570,-1.1454e+06,1
429610,-1.1453e+06,2
429650,-1.1452e+06,3
429690,-1.1451e+06,4
429780,-1.1449e+06,5
429830,-1.1448e+06,6
429890,-1.1446e+06,7
429910,-1.1446e+06,8
429940,-1.1445e+06,9
430030,-1.1443e+06,10
430160,-1.144e+06,11
430280,-1.1438e+06,12
430340,-1.1437e+06,13
430400,-1.1435e+06,14
431100,-1.1422e+06,15
431200,-1.142e+06,16
431220,-1.142e+06,17
431250,-1.1419e+06,18
431270,-1.1419e+06,19
431300,-1.1418e+06,20
431330,-1.1418e+06,21
431350,-1.1417e+06,22
431380,-1.1417e+06,23
431410,-1.1416e+06,24
431430,-1.1416e+06,25
431460,-1.1416e+06,26
431490,-1.1415e+06,27
431510,-1.1415e+06,28
431540,-1.1414e+06,29
431570,-1.1414e+06,30
431600,-1.1413e+06,31
431620,-1.1413e+06,32
431650,-1.1412e+06,33
431680,-1.1412e+06,34
431710,-1.1411e+06,35
431730,-1.1411e+06,36
431760,-1.141e+06,37
431790,-1.141e+06,38
431820,-1.141e+06,39
431850,-1.1409e+06,40
431870,-1.1409e+06,41
431900,-1.1408e+06,42
431930,-1.1408e+06,43
431960,-1.1407e+06,44
431990,-1.1407e+06,45
432110,-1.1405e+06,46
432310,-1.1402e+06,47
432370,-1.1401e+06,48
432420,-1.14e+06,49
433040,-1.1391e+06,50
433690,-1.1382e+06,51
433770,-1.1381e+06,52
433840,-1.138e+06,53
433870,-1.138e+06,54
433900,-1.138e+06,55
433930,-1.1379e+06,56
433960,-1.1379e+06,57
433990,-1.1379e+06,58
434020,-1.1378e+06,59
434050,-1.1378e+06,60
434080,-1.1377e+06,61
434110,-1.1377e+06,62
434140,-1.1377e+06,63
434170,-1.1376e+06,64
434200,-1.1376e+06,65
434230,-1.1376e+06,66
434260,-1.1375e+06,67
434290,-1.1375e+06,68
434330,-1.1374e+06,69
434360,-1.1374e+06,70
434390,-1.1374e+06,71
434420,-1.1373e+06,72
434450,-1.1373e+06,73
434480,-1.1373e+06,74
434510,-1.1372e+06,75
434540,-1.1372e+06,76
434580,-1.1372e+06,77
434610,-1.1371e+06,78
434640,-1.1371e+06,79
434670,-1.137e+06,80
434700,-1.137e+06,81
434730,-1.137e+06,82
434770,-1.1369e+06,83
434800,-1.1369e+06,84
434830,-1.1369e+06,85
434860,-1.1368e+06,86
434890,-1.1368e+06,87
435640,-1.136e+06,88
435720,-1.1359e+06,89
435790,-1.1358e+06,90
435880,-1.1358e+06,91
435910,-1.1357e+06,92
435940,-1.1357e+06,93
435970,-1.1357e+06,94
436010,-1.1356e+06,95
436040,-1.1356e+06,96
436070,-1.1356e+06,97
436110,-1.1355e+06,98
436140,-1.1355e+06,99
436170,-1.1355e+06,100
436210,-1.1354e+06,101
436240,-1.1354e+06,102
436270,-1.1354e+06,103
436310,-1.1353e+06,104
436340,-1.1353e+06,105
436380,-1.1353e+06,106
436410,-1.1352e+06,107
436440,-1.1352e+06,108
436480,-1.1352e+06,109
436510,-1.1351e+06,110
436540,-1.1351e+06,111
436580,-1.1351e+06,112
436610,-1.135e+06,113
436650,-1.135e+06,114
436680,-1.135e+06,115
436710,-1.1349e+06,116
436750,-1.1349e+06,117
436780,-1.1349e+06,118
436820,-1.1349e+06,119
436850,-1.1348e+06,120
436890,-1.1348e+06,121
436920,-1.1348e+06,122
436950,-1.1347e+06,123
436990,-1.1347e+06,124
437020,-1.1347e+06,125
437060,-1.1346e+06,126
437170,-1.1345e+06,127
437240,-1.1345e+06,128
437300,-1.1344e+06,129
437360,-1.1344e+06,130
437420,-1.1343e+06,131
437490,-1.1342e+06,132
437600,-1.1342e+06,133
437670,-1.1341e+06,134
437760,-1.134e+06,135
437860,-1.1339e+06,136
437970,-1.1338e+06,137
438010,-1.1338e+06,138
439930,-1.1321e+06,139
439980,-1.1321e+06,140
440030,-1.1321e+06,141
440060,-1.132e+06,142
440100,-1.132e+06,143
440140,-1.132e+06,144
440180,-1.1319e+06,145
440220,-1.1319e+06,146
440260,-1.1319e+06,147
440300,-1.1318e+06,148
440340,-1.1318e+06,149
440380,-1.1318e+06,150
440420,-1.1317e+06,151
440450,-1.1317e+06,152
440490,-1.1317e+06,153
440530,-1.1316e+06,154
440570,-1.1316e+06,155
440610,-1.1316e+06,156
440650,-1.1315e+06,157
440690,-1.1315e+06,158
440730,-1.1315e+06,159
440770,-1.1314e+06,160
440810,-1.1314e+06,161
440850,-1.1314e+06,162
440890,-1.1313e+06,163
440930,-1.1313e+06,164
440960,-1.1313e+06,165
441000,-1.1312e+06,166
441040,-1.1312e+06,167
441080,-1.1312e+06,168
441120,-1.1311e+06,169
441160,-1.1311e+06,170
441200,-1.1311e+06,171
441240,-1.131e+06,172
441280,-1.131e+06,173
441320,-1.131e+06,174
441360,-1.131e+06,175
441410,-1.1309e+06,176
441450,-1.1309e+06,177
441500,-1.1308e+06,178
441550,-1.1308e+06,179
441600,-1.1308e+06,180
441640,-1.1307e+06,181
441690,-1.1307e+06,182
441740,-1.1306e+06,183
441790,-1.1306e+06,184
441830,-1.1306e+06,185
441880,-1.1305e+06,186
441930,-1.1305e+06,187
441980,-1.1305e+06,188
442020,-1.1304e+06,189
442070,-1.1304e+06,190
442120,-1.1303e+06,191
442170,-1.1303e+06,192
442210,-1.1303e+06,193
442260,-1.1302e+06,194
442310,-1.1302e+06,195
442360,-1.1302e+06,196
442400,-1.1301e+06,197
442450,-1.1301e+06,198
442500,-1.13e+06,199
442550,-1.13e+06,200
442590,-1.13e+06,201
442640,-1.1299e+06,202
442690,-1.1299e+06,203
442740,-1.1298e+06,204
442790,-1.1298e+06,205
442840,-1.1298e+06,206
442890,-1.1297e+06,207
442940,-1.1297e+06,208
442990,-1.1296e+06,209
443040,-1.1296e+06,210
443100,-1.1296e+06,211
443150,-1.1295e+06,212
443200,-1.1295e+06,213
443250,-1.1294e+06,214
443300,-1.1294e+06,215
443350,-1.1294e+06,216
443400,-1.1293e+06,217
443450,-1.1293e+06,218
443500,-1.1293e+06,219
443550,-1.1292e+06,220
443600,-1.1292e+06,221
443650,-1.1291e+06,222
443700,-1.1291e+06,223
443750,-1.1291e+06,224
443800,-1.129e+06,225
443850,-1.129e+06,226
443900,-1.1289e+06,227
443960,-1.1289e+06,228
444010,-1.1289e+06,229
444060,-1.1288e+06,230
444110,-1.1288e+06,231
444160,-1.1287e+06,232
444210,-1.1287e+06,233
444260,-1.1287e+06,234
444310,-1.1286e+06,235
444360,-1.1286e+06,236
444410,-1.1286e+06,237
444460,-1.1285e+06,238
444520,-1.1285e+06,239
444570,-1.1284e+06,240
444620,-1.1284e+06,241
444670,-1.1284e+06,242
444720,-1.1283e+06,243
444770,-1.1283e+06,244
444820,-1.1282e+06,245
444870,-1.1282e+06,246
444920,-1.1282e+06,247
444980,-1.1281e+06,248
445030,-1.1281e+06,249
445080,-1.1281e+06,250
445130,-1.128e+06,251
445180,-1.128e+06,252
445230,-1.1279e+06,253
445280,-1.1279e+06,254
445330,-1.1279e+06,255
445390,-1.1278e+06,256
445440,-1.1278e+06,257
445490,-1.1277e+06,258
445540,-1.1277e+06,259
445670,-1.1276e+06,260
445720,-1.1276e+06,261
445760,-1.1275e+06,262
445810,-1.1275e+06,263
445850,-1.1275e+06,264
445900,-1.1274e+06,265
445950,-1.1274e+06,266
445990,-1.1274e+06,267
446040,-1.1273e+06,268
446090,-1.1273e+06,269
446130,-1.1273e+06,270
446180,-1.1272e+06,271
446230,-1.1272e+06,272
446270,-1.1272e+06,273
446320,-1.1271e+06,274
446370,-1.1271e+06,275
446410,-1.1271e+06,276
446460,-1.127e+06,277
446510,-1.127e+06,278
446560,-1.127e+06,279
446600,-1.1269e+06,280
446650,-1.1269e+06,281
446700,-1.1269e+06,282
446740,-1.1268e+06,283
446790,-1.1268e+06,284
446840,-1.1268e+06,285
446890,-1.1267e+06,286
446930,-1.1267e+06,287
446980,-1.1267e+06,288
447030,-1.1266e+06,289
447070,-1.1266e+06,290
447120,-1.1266e+06,291
447170,-1.1265e+06,292
447220,-1.1265e+06,293
447260,-1.1265e+06,294
447310,-1.1264e+06,295
447360,-1.1264e+06,296
447410,-1.1264e+06,297
447450,-1.1263e+06,298
447500,-1.1263e+06,299
447550,-1.1263e+06,300
447600,-1.1262e+06,301
447640,-1.1262e+06,302
447690,-1.1262e+06,303
447740,-1.1261e+06,304
447790,-1.1261e+06,305
447830,-1.1261e+06,306
447880,-1.126e+06,307
447930,-1.126e+06,308
447980,-1.126e+06,309
448030,-1.1259e+06,310
448070,-1.1259e+06,311
448120,-1.1259e+06,312
448170,-1.1259e+06,313
448220,-1.1258e+06,314
448270,-1.1258e+06,315
448310,-1.1258e+06,316
448360,-1.1257e+06,317
448410,-1.1257e+06,318
448460,-1.1257e+06,319
448510,-1.1256e+06,320
448550,-1.1256e+06,321
448600,-1.1256e+06,322
448650,-1.1255e+06,323
448700,-1.1255e+06,324
448750,-1.1255e+06,325
448790,-1.1254e+06,326
448840,-1.1254e+06,327
448890,-1.1254e+06,328
448940,-1.1253e+06,329
448990,-1.1253e+06,330
449040,-1.1253e+06,331
449090,-1.1252e+06,332
449140,-1.1252e+06,333
449190,-1.1252e+06,334
449240,-1.1251e+06,335
449290,-1.1251e+06,336
449330,-1.1251e+06,337
449380,-1.125e+06,338
449430,-1.125e+06,339
449480,-1.125e+06,340
451870,-1.1234e+06,341
451980,-1.1233e+06,342
452060,-1.1232e+06,343
452130,-1.1232e+06,344
452210,-1.1231e+06,345
452300,-1.1231e+06,346
452350,-1.123e+06,347
452400,-1.123e+06,348
452450,-1.123e+06,349
452500,-1.1229e+06,350
452550,-1.1229e+06,351
452610,-1.1228e+06,352
452660,-1.1228e+06,353
452710,-1.1228e+06,354
452760,-1.1227e+06,355
452810,-1.1227e+06,356
452860,-1.1227e+06,357
452920,-1.1226e+06,358
452970,-1.1226e+06,359
453020,-1.1226e+06,360
453070,-1.1225e+06,361
453120,-1.1225e+06,362
453170,-1.1224e+06,363
453230,-1.1224e+06,364
453280,-1.1224e+06,365
453330,-1.1223e+06,366
453380,-1.1223e+06,367
453430,-1.1223e+06,368
453490,-1.1222e+06,369
453540,-1.1222e+06,370
453590,-1.1222e+06,371
453640,-1.1221e+06,372
453690,-1.1221e+06,373
453750,-1.122e+06,374
453800,-1.122e+06,375
453850,-1.122e+06,376
453900,-1.1219e+06,377
453950,-1.1219e+06,378
454010,-1.1219e+06,379
454060,-1.1218e+06,380
454110,-1.1218e+06,381
454160,-1.1218e+06,382
454210,-1.1217e+06,383
454270,-1.1217e+06,384
454320,-1.1216e+06,385
454370,-1.1216e+06,386
454420,-1.1216e+06,387
454470,-1.1215e+06,388
454530,-1.1215e+06,389
454580,-1.1215e+06,390
454630,-1.1214e+06,391
454680,-1.1214e+06,392
454730,-1.1214e+06,393
454790,-1.1213e+06,394
454840,-1.1213e+06,395
454890,-1.1213e+06,396
454940,-1.1212e+06,397
455000,-1.1212e+06,398
455050,-1.1211e+06,399
455100,-1.1211e+06,400
455150,-1.1211e+06,401
455210,-1.121e+06,402
455260,-1.121e+06,403
455310,-1.121e+06,404
455360,-1.1209e+06,405
455410,-1.1209e+06,406
455470,-1.1209e+06,407
457290,-1.1197e+06,408
457400,-1.1196e+06,409
457520,-1.1195e+06,410
457670,-1.1194e+06,411
457830,-1.1193e+06,412
457980,-1.1192e+06,413
458080,-1.1192e+06,414
458160,-1.1191e+06,415
458260,-1.119e+06,416
458310,-1.119e+06,417
458360,-1.119e+06,418
458420,-1.1189e+06,419
459230,-1.1185e+06,420
459280,-1.1184e+06,421
459330,-1.1184e+06,422
459400,-1.1184e+06,423
459600,-1.1182e+06,424
459670,-1.1182e+06,425
459720,-1.1182e+06,426
459770,-1.1181e+06,427
459830,-1.1181e+06,428
459880,-1.1181e+06,429
459930,-1.118e+06,430
459980,-1.118e+06,431
460040,-1.118e+06,432
460090,-1.1179e+06,433
460140,-1.1179e+06,434
460190,-1.1179e+06,435
460250,-1.1178e+06,436
460300,-1.1178e+06,437
460350,-1.1178e+06,438
460410,-1.1178e+06,439
460460,-1.1177e+06,440
460510,-1.1177e+06,441
460560,-1.1177e+06,442
460620,-1.1176e+06,443
460670,-1.1176e+06,444
460720,-1.1176e+06,445
460770,-1.1175e+06,446
460820,-1.1175e+06,447
460880,-1.1175e+06,448
460930,-1.1174e+06,449
460980,-1.1174e+06,450
461030,-1.1174e+06,451
461090,-1.1174e+06,452
461140,-1.1173e+06,453
461190,-1.1173e+06,454
461240,-1.1173e+06,455
461300,-1.1172e+06,456
461350,-1.1172e+06,457
461400,-1.1172e+06,458
461450,-1.1171e+06,459
462700,-1.1164e+06,460
463960,-1.1157e+06,461
464050,-1.1156e+06,462
464130,-1.1156e+06,463
464200,-1.1156e+06,464
464270,-1.1155e+06,465
464350,-1.1155e+06,466
464440,-1.1154e+06,467
464490,-1.1154e+06,468
464540,-1.1154e+06,469
464600,-1.1153e+06,470
464650,-1.1153e+06,471
464700,-1.1153e+06,472
464760,-1.1152e+06,473
464810,-1.1152e+06,474
464860,-1.1152e+06,475
464920,-1.1151e+06,476
464970,-1.1151e+06,477
465020,-1.1151e+06,478
465080,-1.1151e+06,479
465130,-1.115e+06,480
465180,-1.115e+06,481
465240,-1.115e+06,482
465290,-1.1149e+06,483
465340,-1.1149e+06,484
465400,-1.1149e+06,485
465450,-1.1148e+06,486
465500,-1.1148e+06,487
465560,-1.1148e+06,488
465610,-1.1148e+06,489
465660,-1.1147e+06,490
465710,-1.1147e+06,491
465770,-1.1147e+06,492
465820,-1.1146e+06,493
465870,-1.1146e+06,494
465930,-1.1146e+06,495
465980,-1.1145e+06,496
466030,-1.1145e+06,497
466080,-1.1145e+06,498
466140,-1.1144e+06,499
466190,-1.1144e+06,500
466240,-1.1144e+06,501
466290,-1.1143e+06,502
466350,-1.1143e+06,503
466400,-1.1143e+06,504
466450,-1.1142e+06,505
466500,-1.1142e+06,506
466560,-1.1142e+06,507
466610,-1.1142e+06,508
466660,-1.1141e+06,509
466710,-1.1141e+06,510
466770,-1.1141e+06,511
466820,-1.114e+06,512
466870,-1.114e+06,513
466920,-1.114e+06,514
466970,-1.1139e+06,515
467030,-1.1139e+06,516
467080,-1.1139e+06,517
467130,-1.1138e+06,518
467180,-1.1138e+06,519
467230,-1.1138e+06,520
467290,-1.1137e+06,521
467340,-1.1137e+06,522
467390,-1.1137e+06,523
467440,-1.1136e+06,524
467490,-1.1136e+06,525
467540,-1.1136e+06,526
467600,-1.1135e+06,527
467650,-1.1135e+06,528
467700,-1.1135e+06,529
467750,-1.1134e+06,530
467800,-1.1134e+06,531
467850,-1.1134e+06,532
467900,-1.1133e+06,533
467960,-1.1133e+06,534
468010,-1.1133e+06,535
468060,-1.1132e+06,536
468110,-1.1132e+06,537
468160,-1.1132e+06,538
468210,-1.1131e+06,539
468260,-1.1131e+06,540
468310,-1.1131e+06,541
468370,-1.113e+06,542
468420,-1.113e+06,543
468470,-1.113e+06,544
468520,-1.1129e+06,545
468570,-1.1129e+06,546
468620,-1.1129e+06,547
468670,-1.1128e+06,548
468720,-1.1128e+06,549
468780,-1.1128e+06,550
470020,-1.1119e+06,551
470110,-1.1119e+06,552
470210,-1.1118e+06,553
470300,-1.1118e+06,554
470380,-1.1117e+06,555
470450,-1.1117e+06,556
470520,-1.1116e+06,557
470620,-1.1115e+06,558
470750,-1.1115e+06,559
470830,-1.1114e+06,560
470920,-1.1113e+06,561
471000,-1.1113e+06,562
471060,-1.1113e+06,563
471110,-1.1112e+06,564
471170,-1.1112e+06,565
471220,-1.1112e+06,566
471280,-1.1111e+06,567
471340,-1.1111e+06,568
471400,-1.111e+06,569
471450,-1.111e+06,570
471510,-1.111e+06,571
471570,-1.1109e+06,572
471630,-1.1109e+06,573
471690,-1.1109e+06,574
471740,-1.1108e+06,575
471800,-1.1108e+06,576
471860,-1.1108e+06,577
471920,-1.1107e+06,578
471980,-1.1107e+06,579
472030,-1.1106e+06,580
472090,-1.1106e+06,581
472150,-1.1106e+06,582
472200,-1.1105e+06,583
472260,-1.1105e+06,584
472310,-1.1105e+06,585
472360,-1.1104e+06,586
472420,-1.1104e+06,587
473390,-1.1098e+06,588
474340,-1.1092e+06,589
475280,-1.1087e+06,590
475330,-1.1086e+06,591
475380,-1.1086e+06,592
475430,-1.1086e+06,593
475480,-1.1085e+06,594
475530,-1.1085e+06,595
475590,-1.1085e+06,596
475640,-1.1084e+06,597
475690,-1.1084e+06,598
476110,-1.1082e+06,599
476550,-1.1079e+06,600
476990,-1.1077e+06,601
477040,-1.1077e+06,602
477080,-1.1076e+06,603
477760,-1.1073e+06,604
478510,-1.1069e+06,605
478600,-1.1069e+06,606
478680,-1.1069e+06,607
478750,-1.1068e+06,608
478810,-1.1068e+06,609
478870,-1.1068e+06,610
478950,-1.1067e+06,611
479010,-1.1067e+06,612
479060,-1.1067e+06,613
479120,-1.1066e+06,614
479160,-1.1066e+06,615
479200,-1.1066e+06,616
479240,-1.1066e+06,617
479310,-1.1066e+06,618
479390,-1.1065e+06,619
479460,-1.1065e+06,620
479610,-1.1064e+06,621
479690,-1.1064e+06,622
479760,-1.1063e+06,623
480190,-1.1061e+06,624
480220,-1.1061e+06,625
480260,-1.1061e+06,626
481780,-1.1053e+06,627
481860,-1.1053e+06,628
481890,-1.1053e+06,629
481920,-1.1053e+06,630
481980,-1.1052e+06,631
482030,-1.1052e+06,632
482080,-1.1052e+06,633
482140,-1.1052e+06,634
482180,-1.1051e+06,635
482220,-1.1051e+06,636
482270,-1.1051e+06,637
482410,-1.105e+06,638
482470,-1.105e+06,639
482490,-1.105e+06,640
482510,-1.105e+06,641
482540,-1.105e+06,642
482560,-1.1049e+06,643
482580,-1.1049e+06,644
482610,-1.1049e+06,645
482630,-1.1049e+06,646
482660,-1.1049e+06,647
482680,-1.1049e+06,648
482710,-1.1049e+06,649
482730,-1.1049e+06,650
482750,-1.1049e+06,651
482780,-1.1048e+06,652
482800,-1.1048e+06,653
482830,-1.1048e+06,654
482850,-1.1048e+06,655
482880,-1.1048e+06,656
482900,-1.1048e+06,657
482920,-1.1048e+06,658
482950,-1.1048e+06,659
482970,-1.1048e+06,660
483000,-1.1047e+06,661
483020,-1.1047e+06,662
483050,-1.1047e+06,663
483070,-1.1047e+06,664
483100,-1.1047e+06,665
483120,-1.1047e+06,666
483150,-1.1047e+06,667
483170,-1.1047e+06,668
483190,-1.1046e+06,669
483220,-1.1046e+06,670
483240,-1.1046e+06,671
483270,-1.1046e+06,672
483290,-1.1046e+06,673
483320,-1.1046e+06,674
483340,-1.1046e+06,675
483370,-1.1046e+06,676
483390,-1.1046e+06,677
483420,-1.1046e+06,678
483440,-1.1045e+06,679
483470,-1.1045e+06,680
483490,-1.1045e+06,681
483510,-1.1045e+06,682
483540,-1.1045e+06,683
483560,-1.1045e+06,684
483590,-1.1045e+06,685
483610,-1.1045e+06,686
483640,-1.1045e+06,687
483660,-1.1044e+06,688
483690,-1.1044e+06,689
483710,-1.1044e+06,690
483740,-1.1044e+06,691
483760,-1.1044e+06,692
483790,-1.1044e+06,693
483810,-1.1044e+06,694
483840,-1.1044e+06,695
483860,-1.1044e+06,696
483890,-1.1043e+06,697
483910,-1.1043e+06,698
483940,-1.1043e+06,699
483960,-1.1043e+06,700
483990,-1.1043e+06,701
484010,-1.1043e+06,702
484040,-1.1043e+06,703
484060,-1.1043e+06,704
484090,-1.1043e+06,705
484170,-1.1042e+06,706
484250,-1.1042e+06,707
484280,-1.1042e+06,708
484310,-1.1042e+06,709
484330,-1.1042e+06,710
484930,-1.1039e+06,711
485550,-1.1037e+06,712
486200,-1.1035e+06,713
486230,-1.1035e+06,714
486260,-1.1034e+06,715
486290,-1.1034e+06,716
486310,-1.1034e+06,717
486340,-1.1034e+06,718
486370,-1.1034e+06,719
486400,-1.1034e+06,720
486430,-1.1034e+06,721
486460,-1.1034e+06,722
486480,-1.1034e+06,723
486510,-1.1034e+06,724
486540,-1.1034e+06,725
486570,-1.1033e+06,726
486600,-1.1033e+06,727
486620,-1.1033e+06,728
486650,-1.1033e+06,729
486680,-1.1033e+06,730
486710,-1.1033e+06,731
486740,-1.1033e+06,732
486770,-1.1033e+06,733
486790,-1.1033e+06,734
486820,-1.1033e+06,735
486850,-1.1032e+06,736
486880,-1.1032e+06,737
486910,-1.1032e+06,738
486940,-1.1032e+06,739
486960,-1.1032e+06,740
488190,-1.1028e+06,741
489410,-1.1024e+06,742
489430,-1.1024e+06,743
490540,-1.102e+06,744
491680,-1.1015e+06,745
492810,-1.1011e+06,746
493670,-1.1008e+06,747
494420,-1.1006e+06,748
495210,-1.1003e+06,749
495910,-1.1001e+06,750
496480,-1.1e+06,751
496970,-1.0999e+06,752
497420,-1.0998e+06,753
497820,-1.0998e+06,754
497870,-1.0998e+06,755
498240,-1.0997e+06,756
498580,-1.0997e+06,757
498930,-1.0997e+06,758
499290,-1.0997e+06,759
499860,-1.0996e+06,760
499870,-1.0996e+06,761
499890,-1.0996e+06,762
499900,-1.0996e+06,763
499920,-1.0996e+06,764
499930,-1.0996e+06,765
499950,-1.0996e+06,766
499970,-1.0996e+06,767
499980,-1.0996e+06,768
500000,-1.0996e+06,769
500010,-1.0996e+06,770
500030,-1.0996e+06,771
500050,-1.0996e+06,772
500060,-1.0996e+06,773
500080,-1.0996e+06,774
500090,-1.0996e+06,775
500110,-1.0996e+06,776
500130,-1.0996e+06,777
500140,-1.0996e+06,778
500160,-1.0996e+06,779
500180,-1.0996e+06,780
500190,-1.0996e+06,781
500210,-1.0996e+06,782
500230,-1.0996e+06,783
500250,-1.0996e+06,784
500260,-1.0996e+06,785
500280,-1.0996e+06,786
500300,-1.0996e+06,787
500310,-1.0996e+06,788
500330,-1.0996e+06,789
500350,-1.0996e+06,790
500360,-1.0996e+06,791
500380,-1.0996e+06,792
500400,-1.0996e+06,793
500410,-1.0996e+06,794
500430,-1.0996e+06,795
500450,-1.0996e+06,796
500460,-1.0996e+06,797
500480,-1.0996e+06,798
500500,-1.0996e+06,799
500510,-1.0996e+06,800
500530,-1.0996e+06,801
500550,-1.0996e+06,802
500560,-1.0996e+06,803
500580,-1.0996e+06,804
500600,-1.0996e+06,805
500610,-1.0996e+06,806
500630,-1.0996e+06,807
500650,-1.0996e+06,808
500660,-1.0996e+06,809
500680,-1.0996e+06,810
500700,-1.0996e+06,811
500710,-1.0996e+06,812
500730,-1.0996e+06,813
500780,-1.0996e+06,814
500800,-1.0996e+06,815
500820,-1.0996e+06,816
500830,-1.0996e+06,817
500850,-1.0996e+06,818
500870,-1.0996e+06,819
500890,-1.0996e+06,820
500900,-1.0996e+06,821
500920,-1.0996e+06,822
500940,-1.0996e+06,823
500960,-1.0996e+06,824
500980,-1.0996e+06,825
500990,-1.0996e+06,826
501010,-1.0996e+06,827
501030,-1.0996e+06,828
501050,-1.0996e+06,829
501060,-1.0996e+06,830
501080,-1.0996e+06,831
501100,-1.0996e+06,832
501120,-1.0996e+06,833
501130,-1.0996e+06,834
501150,-1.0996e+06,835
501170,-1.0996e+06,836
501190,-1.0996e+06,837
501210,-1.0996e+06,838
501220,-1.0996e+06,839
501240,-1.0996e+06,840
501260,-1.0996e+06,841
501280,-1.0996e+06,842
501290,-1.0996e+06,843
501310,-1.0996e+06,844
501330,-1.0996e+06,845
501350,-1.0996e+06,846
501360,-1.0996e+06,847
501380,-1.0996e+06,848
501400,-1.0996e+06,849
501420,-1.0996e+06,850
501440,-1.0996e+06,851
501450,-1.0996e+06,852
501470,-1.0996e+06,853
501490,-1.0996e+06,854
501510,-1.0996e+06,855
501530,-1.0996e+06,856
501550,-1.0996e+06,857
501570,-1.0996e+06,858
501590,-1.0996e+06,859
501620,-1.0996e+06,860
501640,-1.0996e+06,861
501660,-1.0996e+06,862
501680,-1.0996e+06,863
501710,-1.0996e+06,864
501730,-1.0996e+06,865
501750,-1.0996e+06,866
501770,-1.0996e+06,867
501800,-1.0996e+06,868
502420,-1.0996e+06,869
503030,-1.0996e+06,870
503640,-1.0996e+06,871
429140,-1.1465e+06,872
429090,-1.1467e+06,873
429070,-1.1467e+06,874
429040,-1.1468e+06,875
429010,-1.1469e+06,876
428940,-1.1471e+06,877
428910,-1.1472e+06,878
428870,-1.1473e+06,879
428850,-1.1473e+06,880
428830,-1.1474e+06,881
428820,-1.1475e+06,882
428760,-1.1476e+06,883
428660,-1.148e+06,884
428610,-1.1481e+06,885
428550,-1.1483e+06,886
428470,-1.1485e+06,887
428420,-1.1487e+06,888
428400,-1.1488e+06,889
428380,-1.1488e+06,890
428360,-1.1489e+06,891
428350,-1.149e+06,892
428330,-1.149e+06,893
427850,-1.1507e+06,894
427420,-1.1524e+06,895
427390,-1.1526e+06,896
427370,-1.1526e+06,897
427360,-1.1527e+06,898
427350,-1.1527e+06,899
427340,-1.1528e+06,900
427320,-1.1528e+06,901
427310,-1.1529e+06,902
427300,-1.153e+06,903
427290,-1.153e+06,904
427270,-1.1531e+06,905
427260,-1.1531e+06,906
427250,-1.1532e+06,907
427240,-1.1532e+06,908
427220,-1.1533e+06,909
427210,-1.1533e+06,910
427200,-1.1534e+06,911
427190,-1.1535e+06,912
427170,-1.1535e+06,913
427160,-1.1536e+06,914
427150,-1.1536e+06,915
427140,-1.1537e+06,916
427120,-1.1537e+06,917
427110,-1.1538e+06,918
427100,-1.1538e+06,919
427090,-1.1539e+06,920
427070,-1.1539e+06,921
427060,-1.154e+06,922
427050,-1.1541e+06,923
427040,-1.1541e+06,924
427020,-1.1542e+06,925
427010,-1.1542e+06,926
427000,-1.1543e+06,927
426990,-1.1543e+06,928
426970,-1.1544e+06,929
426960,-1.1544e+06,930
426950,-1.1545e+06,931
426940,-1.1546e+06,932
426920,-1.1546e+06,933
426910,-1.1547e+06,934
426900,-1.1547e+06,935
426890,-1.1548e+06,936
426880,-1.1548e+06,937
426860,-1.1549e+06,938
426850,-1.1549e+06,939
426840,-1.155e+06,940
426830,-1.155e+06,941
426810,-1.1551e+06,942
426800,-1.1552e+06,943
426790,-1.1552e+06,944
426780,-1.1553e+06,945
426770,-1.1553e+06,946
426750,-1.1554e+06,947
426740,-1.1554e+06,948
426730,-1.1555e+06,949
426720,-1.1555e+06,950
426710,-1.1556e+06,951
426690,-1.1557e+06,952
426680,-1.1557e+06,953
426670,-1.1558e+06,954
426660,-1.1558e+06,955
426650,-1.1559e+06,956
426630,-1.1559e+06,957
426620,-1.156e+06,958
426610,-1.156e+06,959
426600,-1.1561e+06,960
426590,-1.1561e+06,961
426570,-1.1562e+06,962
426560,-1.1563e+06,963
426550,-1.1563e+06,964
426540,-1.1564e+06,965
426530,-1.1564e+06,966
426510,-1.1565e+06,967
426500,-1.1565e+06,968
426490,-1.1566e+06,969
426480,-1.1566e+06,970
426470,-1.1567e+06,971
426460,-1.1568e+06,972
426440,-1.1568e+06,973
426430,-1.1569e+06,974
426420,-1.1569e+06,975
426410,-1.157e+06,976
426400,-1.157e+06,977
426380,-1.1571e+06,978
426370,-1.1571e+06,979
426340,-1.1573e+06,980
426330,-1.1573e+06,981
426320,-1.1574e+06,982
426310,-1.1574e+06,983
426300,-1.1575e+06,984
426290,-1.1575e+06,985
426280,-1.1576e+06,986
426260,-1.1577e+06,987
426250,-1.1577e+06,988
426240,-1.1578e+06,989
426230,-1.1578e+06,990
426220,-1.1579e+06,991
426210,-1.1579e+06,992
426200,-1.158e+06,993
426190,-1.158e+06,994
426180,-1.1581e+06,995
426160,-1.1581e+06,996
426150,-1.1582e+06,997
426140,-1.1582e+06,998
426130,-1.1583e+06,999
426120,-1.1583e+06,1000
426110,-1.1584e+06,1001
426100,-1.1585e+06,1002
426090,-1.1585e+06,1003
426080,-1.1586e+06,1004
426070,-1.1586e+06,1005
426050,-1.1587e+06,1006
426040,-1.1587e+06,1007
426030,-1.1588e+06,1008
426020,-1.1588e+06,1009
426010,-1.1589e+06,1010
426000,-1.1589e+06,1011
425990,-1.159e+06,1012
425980,-1.159e+06,1013
425970,-1.1591e+06,1014
425960,-1.1591e+06,1015
425950,-1.1592e+06,1016
425930,-1.1593e+06,1017
425920,-1.1593e+06,1018
425910,-1.1594e+06,1019
425900,-1.1594e+06,1020
425890,-1.1595e+06,1021
425880,-1.1595e+06,1022
425870,-1.1596e+06,1023
425860,-1.1596e+06,1024
425850,-1.1597e+06,1025
425840,-1.1597e+06,1026
425830,-1.1598e+06,1027
425820,-1.1598e+06,1028
425810,-1.1599e+06,1029
425790,-1.1599e+06,1030
425780,-1.16e+06,1031
425770,-1.16e+06,1032
425760,-1.1601e+06,1033
425750,-1.1602e+06,1034
425740,-1.1602e+06,1035
425730,-1.1603e+06,1036
425720,-1.1603e+06,1037
425710,-1.1604e+06,1038
425700,-1.1604e+06,1039
425690,-1.1605e+06,1040
425680,-1.1605e+06,1041
425670,-1.1606e+06,1042
425660,-1.1606e+06,1043
425650,-1.1607e+06,1044
425150,-1.1633e+06,1045
424690,-1.166e+06,1046
424230,-1.1689e+06,1047
423760,-1.1717e+06,1048
423220,-1.1746e+06,1049
423160,-1.1749e+06,1050
423080,-1.1753e+06,1051
423020,-1.1755e+06,1052
422960,-1.1758e+06,1053
422890,-1.1761e+06,1054
422790,-1.1766e+06,1055
422720,-1.1769e+06,1056
422690,-1.177e+06,1057
422660,-1.1771e+06,1058
422630,-1.1773e+06,1059
422610,-1.1773e+06,1060
422590,-1.1775e+06,1061
422560,-1.1776e+06,1062
422540,-1.1777e+06,1063
422510,-1.1778e+06,1064
422480,-1.1779e+06,1065
422460,-1.178e+06,1066
422430,-1.1781e+06,1067
422400,-1.1782e+06,1068
422380,-1.1783e+06,1069
422350,-1.1784e+06,1070
422320,-1.1785e+06,1071
422290,-1.1786e+06,1072
422270,-1.1788e+06,1073
422240,-1.1789e+06,1074
422210,-1.179e+06,1075
422180,-1.1791e+06,1076
422150,-1.1792e+06,1077
422130,-1.1793e+06,1078
422100,-1.1794e+06,1079
422070,-1.1795e+06,1080
422040,-1.1796e+06,1081
422010,-1.1797e+06,1082
421980,-1.1798e+06,1083
421950,-1.1799e+06,1084
421920,-1.18e+06,1085
421890,-1.1802e+06,1086
421860,-1.1803e+06,1087
421830,-1.1804e+06,1088
421800,-1.1805e+06,1089
421770,-1.1806e+06,1090
421740,-1.1807e+06,1091
421710,-1.1808e+06,1092
421170,-1.1826e+06,1093
421120,-1.1827e+06,1094
421080,-1.1829e+06,1095
421040,-1.183e+06,1096
421000,-1.1831e+06,1097
420940,-1.1833e+06,1098
420920,-1.1834e+06,1099
420890,-1.1834e+06,1100
420870,-1.1835e+06,1101
420800,-1.1837e+06,1102
420750,-1.1839e+06,1103
420690,-1.184e+06,1104
420640,-1.1842e+06,1105
420610,-1.1843e+06,1106
420580,-1.1844e+06,1107
420540,-1.1845e+06,1108
420510,-1.1846e+06,1109
420480,-1.1847e+06,1110
420440,-1.1848e+06,1111
420410,-1.1848e+06,1112
420370,-1.1849e+06,1113
420340,-1.185e+06,1114
420310,-1.1851e+06,1115
420270,-1.1852e+06,1116
420240,-1.1853e+06,1117
420200,-1.1854e+06,1118
420170,-1.1855e+06,1119
420130,-1.1856e+06,1120
420100,-1.1857e+06,1121
420060,-1.1858e+06,1122
420030,-1.1859e+06,1123
419990,-1.186e+06,1124
419960,-1.1861e+06,1125
419920,-1.1862e+06,1126
419880,-1.1863e+06,1127
419830,-1.1865e+06,1128
419790,-1.1866e+06,1129
419750,-1.1867e+06,1130
419710,-1.1868e+06,1131
419670,-1.1869e+06,1132
419630,-1.187e+06,1133
419590,-1.1871e+06,1134
419550,-1.1872e+06,1135
419510,-1.1873e+06,1136
419470,-1.1874e+06,1137
419420,-1.1876e+06,1138
419380,-1.1877e+06,1139
419340,-1.1878e+06,1140
419300,-1.1879e+06,1141
419250,-1.188e+06,1142
419210,-1.1881e+06,1143
419170,-1.1882e+06,1144
419130,-1.1883e+06,1145
419080,-1.1884e+06,1146
419040,-1.1885e+06,1147
419000,-1.1887e+06,1148
418950,-1.1888e+06,1149
418910,-1.1889e+06,1150
418860,-1.189e+06,1151
418820,-1.1891e+06,1152
418780,-1.1892e+06,1153
418730,-1.1893e+06,1154
418690,-1.1894e+06,1155
418640,-1.1895e+06,1156
418600,-1.1896e+06,1157
418550,-1.1897e+06,1158
418510,-1.1898e+06,1159
418460,-1.19e+06,1160
418410,-1.1901e+06,1161
418370,-1.1902e+06,1162
418320,-1.1903e+06,1163
418280,-1.1904e+06,1164
418230,-1.1905e+06,1165
418180,-1.1906e+06,1166
418140,-1.1907e+06,1167
416690,-1.1939e+06,1168
416610,-1.194e+06,1169
416510,-1.1942e+06,1170
416440,-1.1944e+06,1171
416380,-1.1945e+06,1172
416310,-1.1947e+06,1173
416250,-1.1948e+06,1174
416170,-1.195e+06,1175
416080,-1.1951e+06,1176
416020,-1.1952e+06,1177
415920,-1.1955e+06,1178
415870,-1.1956e+06,1179
415810,-1.1957e+06,1180
415760,-1.1958e+06,1181
415700,-1.1959e+06,1182
415640,-1.196e+06,1183
415580,-1.1961e+06,1184
415530,-1.1962e+06,1185
415470,-1.1963e+06,1186
415410,-1.1965e+06,1187
415350,-1.1966e+06,1188
415290,-1.1967e+06,1189
415230,-1.1968e+06,1190
415170,-1.1969e+06,1191
415110,-1.197e+06,1192
415050,-1.1972e+06,1193
414990,-1.1973e+06,1194
414930,-1.1974e+06,1195
414870,-1.1975e+06,1196
414810,-1.1976e+06,1197
414750,-1.1977e+06,1198
414690,-1.1978e+06,1199
414630,-1.198e+06,1200
414570,-1.1981e+06,1201
414510,-1.1982e+06,1202
414440,-1.1983e+06,1203
414380,-1.1984e+06,1204
414320,-1.1985e+06,1205
414260,-1.1987e+06,1206
414200,-1.1988e+06,1207
414140,-1.1989e+06,1208
414080,-1.199e+06,1209
414020,-1.1991e+06,1210
413950,-1.1992e+06,1211
412380,-1.2021e+06,1212
412300,-1.2022e+06,1213
412220,-1.2024e+06,1214
412090,-1.2026e+06,1215
412000,-1.2028e+06,1216
411930,-1.2029e+06,1217
411850,-1.203e+06,1218
411800,-1.2031e+06,1219
411740,-1.2032e+06,1220
411680,-1.2033e+06,1221
411620,-1.2034e+06,1222
411560,-1.2035e+06,1223
411500,-1.2036e+06,1224
411440,-1.2038e+06,1225
411380,-1.2039e+06,1226
411320,-1.204e+06,1227
411260,-1.2041e+06,1228
411200,-1.2042e+06,1229
411150,-1.2043e+06,1230
411090,-1.2044e+06,1231
411030,-1.2045e+06,1232
410970,-1.2046e+06,1233
410910,-1.2047e+06,1234
410850,-1.2048e+06,1235
409570,-1.2069e+06,1236
408280,-1.2089e+06,1237
408200,-1.209e+06,1238
408110,-1.2092e+06,1239
408010,-1.2093e+06,1240
407930,-1.2095e+06,1241
407830,-1.2096e+06,1242
407780,-1.2097e+06,1243
407720,-1.2098e+06,1244
407660,-1.2099e+06,1245
407610,-1.2099e+06,1246
405720,-1.2127e+06,1247
403790,-1.2153e+06,1248
403690,-1.2154e+06,1249
403640,-1.2155e+06,1250
403590,-1.2156e+06,1251
403530,-1.2157e+06,1252
400880,-1.2192e+06,1253
400740,-1.2194e+06,1254
400630,-1.2196e+06,1255
400480,-1.2198e+06,1256
400390,-1.2199e+06,1257
400290,-1.2201e+06,1258
400170,-1.2202e+06,1259
400040,-1.2204e+06,1260
399920,-1.2206e+06,1261
399790,-1.2208e+06,1262
399750,-1.2209e+06,1263
399700,-1.2209e+06,1264
398620,-1.2225e+06,1265
398570,-1.2226e+06,1266
398510,-1.2227e+06,1267
398410,-1.2229e+06,1268
398350,-1.223e+06,1269
398310,-1.223e+06,1270
398260,-1.2231e+06,1271
398200,-1.2232e+06,1272
398140,-1.2233e+06,1273
398050,-1.2234e+06,1274
397990,-1.2235e+06,1275
397930,-1.2236e+06,1276
397860,-1.2237e+06,1277
397740,-1.2239e+06,1278
397700,-1.224e+06,1279
397660,-1.2241e+06,1280
397600,-1.2241e+06,1281
397540,-1.2242e+06,1282
397480,-1.2244e+06,1283
397400,-1.2245e+06,1284
397280,-1.2247e+06,1285
397210,-1.2248e+06,1286
397140,-1.2249e+06,1287
397070,-1.225e+06,1288
397000,-1.2251e+06,1289
396920,-1.2252e+06,1290
396880,-1.2253e+06,1291
396850,-1.2254e+06,1292
396810,-1.2254e+06,1293
396780,-1.2255e+06,1294
395930,-1.2268e+06,1295
395890,-1.2269e+06,1296
395860,-1.227e+06,1297
395830,-1.227e+06,1298
395790,-1.2271e+06,1299
395760,-1.2271e+06,1300
395720,-1.2272e+06,1301
395680,-1.2273e+06,1302
395650,-1.2273e+06,1303
395610,-1.2274e+06,1304
395580,-1.2274e+06,1305
395540,-1.2275e+06,1306
395510,-1.2276e+06,1307
395470,-1.2276e+06,1308
395440,-1.2277e+06,1309
395400,-1.2277e+06,1310
395370,-1.2278e+06,1311
395330,-1.2279e+06,1312
395300,-1.2279e+06,1313
395260,-1.228e+06,1314
395230,-1.228e+06,1315
395190,-1.2281e+06,1316
395160,-1.2282e+06,1317
395120,-1.2282e+06,1318
395090,-1.2283e+06,1319
395050,-1.2283e+06,1320
395020,-1.2284e+06,1321
394990,-1.2285e+06,1322
394950,-1.2285e+06,1323
394920,-1.2286e+06,1324
394880,-1.2286e+06,1325
394850,-1.2287e+06,1326
394820,-1.2288e+06,1327
394780,-1.2288e+06,1328
394750,-1.2289e+06,1329
394710,-1.229e+06,1330
394680,-1.229e+06,1331
394650,-1.2291e+06,1332
394610,-1.2291e+06,1333
394580,-1.2292e+06,1334
394550,-1.2293e+06,1335
394510,-1.2293e+06,1336
394480,-1.2294e+06,1337
394450,-1.2294e+06,1338
394410,-1.2295e+06,1339
394380,-1.2296e+06,1340
393770,-1.2307e+06,1341
393200,-1.2319e+06,1342
393150,-1.232e+06,1343
393110,-1.2321e+06,1344
393090,-1.2321e+06,1345
393060,-1.2322e+06,1346
393030,-1.2322e+06,1347
392990,-1.2323e+06,1348
392950,-1.2324e+06,1349
392850,-1.2326e+06,1350
392800,-1.2327e+06,1351
392760,-1.2328e+06,1352
392660,-1.233e+06,1353
392640,-1.2331e+06,1354
392620,-1.2331e+06,1355
392530,-1.2333e+06,1356
392480,-1.2335e+06,1357
392410,-1.2336e+06,1358
392400,-1.2336e+06,1359
392380,-1.2337e+06,1360
392360,-1.2337e+06,1361
392330,-1.2338e+06,1362
391790,-1.2349e+06,1363
391260,-1.236e+06,1364
391220,-1.2361e+06,1365
391190,-1.2362e+06,1366
391160,-1.2362e+06,1367
391120,-1.2363e+06,1368
391060,-1.2364e+06,1369
391020,-1.2365e+06,1370
390970,-1.2366e+06,1371
390920,-1.2367e+06,1372
390900,-1.2368e+06,1373
390870,-1.2368e+06,1374
390810,-1.2369e+06,1375
390770,-1.237e+06,1376
390730,-1.2371e+06,1377
390690,-1.2372e+06,1378
390640,-1.2373e+06,1379
390590,-1.2374e+06,1380
390550,-1.2374e+06,1381
390520,-1.2375e+06,1382
390480,-1.2376e+06,1383
390450,-1.2376e+06,1384
390410,-1.2377e+06,1385
390360,-1.2378e+06,1386
390300,-1.2379e+06,1387
390260,-1.238e+06,1388
390210,-1.2381e+06,1389
390170,-1.2382e+06,1390
390120,-1.2383e+06,1391
390090,-1.2383e+06,1392
390070,-1.2384e+06,1393
390040,-1.2384e+06,1394
390020,-1.2385e+06,1395
389990,-1.2385e+06,1396
389970,-1.2386e+06,1397
389940,-1.2386e+06,1398
389920,-1.2387e+06,1399
389890,-1.2387e+06,1400
389870,-1.2388e+06,1401
389840,-1.2388e+06,1402
389820,-1.2389e+06,1403
389790,-1.2389e+06,1404
389770,-1.239e+06,1405
389740,-1.239e+06,1406
389710,-1.2391e+06,1407
389690,-1.2391e+06,1408
389660,-1.2392e+06,1409
389640,-1.2392e+06,1410
389610,-1.2393e+06,1411
389580,-1.2393e+06,1412
389560,-1.2394e+06,1413
389530,-1.2394e+06,1414
389510,-1.2394e+06,1415
389480,-1.2395e+06,1416
389450,-1.2395e+06,1417
389430,-1.2396e+06,1418
389400,-1.2396e+06,1419
389370,-1.2397e+06,1420
389350,-1.2397e+06,1421
389320,-1.2398e+06,1422
389290,-1.2398e+06,1423
389270,-1.2399e+06,1424
389240,-1.2399e+06,1425
389210,-1.24e+06,1426
389180,-1.24e+06,1427
389160,-1.2401e+06,1428
389130,-1.2401e+06,1429
389100,-1.2402e+06,1430
389070,-1.2402e+06,1431
389050,-1.2403e+06,1432
389020,-1.2403e+06,1433
388990,-1.2403e+06,1434
388960,-1.2404e+06,1435
388940,-1.2404e+06,1436
388910,-1.2405e+06,1437
388880,-1.2405e+06,1438
388850,-1.2406e+06,1439
388820,-1.2406e+06,1440
388800,-1.2407e+06,1441
388770,-1.2407e+06,1442
388740,-1.2408e+06,1443
388710,-1.2408e+06,1444
388680,-1.2409e+06,1445
388650,-1.2409e+06,1446
388620,-1.241e+06,1447
388600,-1.241e+06,1448
388570,-1.241e+06,1449
388520,-1.2411e+06,1450
388150,-1.2417e+06,1451
388110,-1.2418e+06,1452
388060,-1.2418e+06,1453
388020,-1.2419e+06,1454
387980,-1.2419e+06,1455
387940,-1.242e+06,1456
387900,-1.2421e+06,1457
387860,-1.2421e+06,1458
387820,-1.2422e+06,1459
387780,-1.2422e+06,1460
387730,-1.2423e+06,1461
387690,-1.2424e+06,1462
387650,-1.2424e+06,1463
387610,-1.2425e+06,1464
387040,-1.2433e+06,1465
386480,-1.244e+06,1466
385940,-1.2447e+06,1467
385900,-1.2448e+06,1468
385820,-1.2449e+06,1469
385780,-1.2449e+06,1470
385740,-1.245e+06,1471
385700,-1.245e+06,1472
385660,-1.2451e+06,1473
385620,-1.2451e+06,1474
384320,-1.2467e+06,1475
384220,-1.2469e+06,1476
384070,-1.247e+06,1477
384010,-1.2471e+06,1478
383940,-1.2472e+06,1479
383870,-1.2473e+06,1480
383760,-1.2474e+06,1481
383720,-1.2475e+06,1482
383680,-1.2475e+06,1483
383640,-1.2476e+06,1484
383600,-1.2476e+06,1485
383560,-1.2477e+06,1486
383520,-1.2477e+06,1487
383480,-1.2478e+06,1488
383440,-1.2478e+06,1489
383400,-1.2479e+06,1490
383360,-1.2479e+06,1491
383320,-1.248e+06,1492
383280,-1.248e+06,1493
383240,-1.248e+06,1494
383200,-1.2481e+06,1495
383160,-1.2481e+06,1496
383120,-1.2482e+06,1497
383080,-1.2482e+06,1498
383040,-1.2483e+06,1499
383000,-1.2483e+06,1500
382960,-1.2484e+06,1501
382910,-1.2485e+06,1502
382860,-1.2485e+06,1503
382800,-1.2486e+06,1504
382750,-1.2486e+06,1505
382700,-1.2487e+06,1506
382650,-1.2488e+06,1507
382600,-1.2488e+06,1508
382550,-1.2489e+06,1509
382490,-1.249e+06,1510
382440,-1.249e+06,1511
382390,-1.2491e+06,1512
382340,-1.2491e+06,1513
382290,-1.2492e+06,1514
382240,-1.2493e+06,1515
381660,-1.25e+06,1516
381110,-1.2508e+06,1517
380590,-1.2516e+06,1518
380540,-1.2517e+06,1519
380500,-1.2517e+06,1520
380450,-1.2518e+06,1521
380410,-1.2519e+06,1522
380370,-1.2519e+06,1523
380330,-1.252e+06,1524
380280,-1.2521e+06,1525
380240,-1.2521e+06,1526
380190,-1.2522e+06,1527
380150,-1.2523e+06,1528
380100,-1.2523e+06,1529
380060,-1.2524e+06,1530
380010,-1.2525e+06,1531
379970,-1.2526e+06,1532
379930,-1.2526e+06,1533
379880,-1.2527e+06,1534
379840,-1.2528e+06,1535
379790,-1.2529e+06,1536
379750,-1.2529e+06,1537
379710,-1.253e+06,1538
379660,-1.2531e+06,1539
379620,-1.2531e+06,1540
379580,-1.2532e+06,1541
379530,-1.2533e+06,1542
379490,-1.2534e+06,1543
379450,-1.2534e+06,1544
379400,-1.2535e+06,1545
379360,-1.2536e+06,1546
379320,-1.2537e+06,1547
379270,-1.2537e+06,1548
379230,-1.2538e+06,1549
379180,-1.2539e+06,1550
379130,-1.254e+06,1551
379070,-1.2541e+06,1552
379020,-1.2542e+06,1553
378970,-1.2542e+06,1554
378920,-1.2543e+06,1555
378870,-1.2544e+06,1556
378810,-1.2545e+06,1557
378760,-1.2546e+06,1558
378710,-1.2547e+06,1559
378660,-1.2548e+06,1560
378610,-1.2549e+06,1561
378550,-1.255e+06,1562
378500,-1.255e+06,1563
378450,-1.2551e+06,1564
378400,-1.2552e+06,1565
378350,-1.2553e+06,1566
378290,-1.2554e+06,1567
378240,-1.2555e+06,1568
378190,-1.2556e+06,1569
378140,-1.2557e+06,1570
378090,-1.2558e+06,1571
378030,-1.2558e+06,1572
377980,-1.2559e+06,1573
377930,-1.256e+06,1574
377880,-1.2561e+06,1575
377820,-1.2562e+06,1576
377770,-1.2563e+06,1577
377720,-1.2564e+06,1578
377670,-1.2565e+06,1579
377620,-1.2566e+06,1580
377560,-1.2566e+06,1581
377510,-1.2567e+06,1582
377460,-1.2568e+06,1583
377410,-1.2569e+06,1584
377350,-1.257e+06,1585
377300,-1.2571e+06,1586
377250,-1.2572e+06,1587
377200,-1.2573e+06,1588
377140,-1.2574e+06,1589
377090,-1.2574e+06,1590
377040,-1.2575e+06,1591
376990,-1.2576e+06,1592
376930,-1.2577e+06,1593
376880,-1.2578e+06,1594
376830,-1.2579e+06,1595
376780,-1.258e+06,1596
376720,-1.2581e+06,1597
376670,-1.2582e+06,1598
376620,-1.2582e+06,1599
376570,-1.2583e+06,1600
376510,-1.2584e+06,1601
376460,-1.2585e+06,1602
376410,-1.2586e+06,1603
376360,-1.2587e+06,1604
376300,-1.2588e+06,1605
376250,-1.2589e+06,1606
376200,-1.2589e+06,1607
376150,-1.259e+06,1608
376090,-1.2591e+06,1609
376040,-1.2592e+06,1610
375990,-1.2593e+06,1611
375900,-1.2594e+06,1612
375840,-1.2596e+06,1613
375780,-1.2596e+06,1614
375720,-1.2597e+06,1615
375670,-1.2598e+06,1616
375610,-1.2599e+06,1617
375560,-1.26e+06,1618
375500,-1.2601e+06,1619
375410,-1.2603e+06,1620
375330,-1.2604e+06,1621
375250,-1.2605e+06,1622
375160,-1.2607e+06,1623
375070,-1.2608e+06,1624
374970,-1.261e+06,1625
374910,-1.2611e+06,1626
374860,-1.2612e+06,1627
373860,-1.2628e+06,1628
372840,-1.2644e+06,1629
371820,-1.2659e+06,1630
371760,-1.266e+06,1631
371700,-1.2661e+06,1632
370430,-1.2679e+06,1633
369200,-1.2697e+06,1634
369140,-1.2698e+06,1635
369090,-1.2699e+06,1636
369040,-1.27e+06,1637
368980,-1.2701e+06,1638
368910,-1.2702e+06,1639
368830,-1.2703e+06,1640
368740,-1.2704e+06,1641
368600,-1.2706e+06,1642
368520,-1.2707e+06,1643
368430,-1.2709e+06,1644
368340,-1.271e+06,1645
368220,-1.2712e+06,1646
368180,-1.2713e+06,1647
366110,-1.2743e+06,1648
363840,-1.2777e+06,1649
361850,-1.2806e+06,1650
361640,-1.2809e+06,1651
360800,-1.2823e+06,1652
360570,-1.2826e+06,1653
360520,-1.2827e+06,1654
360480,-1.2828e+06,1655
360450,-1.2828e+06,1656
360410,-1.2829e+06,1657
360370,-1.283e+06,1658
360330,-1.283e+06,1659
360290,-1.2831e+06,1660
360260,-1.2832e+06,1661
360220,-1.2832e+06,1662
360180,-1.2833e+06,1663
360140,-1.2834e+06,1664
360100,-1.2834e+06,1665
360060,-1.2835e+06,1666
360030,-1.2836e+06,1667
359990,-1.2836e+06,1668
359950,-1.2837e+06,1669
359910,-1.2838e+06,1670
359870,-1.2839e+06,1671
359840,-1.2839e+06,1672
359800,-1.284e+06,1673
359760,-1.2841e+06,1674
359720,-1.2841e+06,1675
359680,-1.2842e+06,1676
359650,-1.2843e+06,1677
359610,-1.2843e+06,1678
359570,-1.2844e+06,1679
359540,-1.2845e+06,1680
359500,-1.2845e+06,1681
359460,-1.2846e+06,1682
359430,-1.2847e+06,1683
359390,-1.2847e+06,1684
359350,-1.2848e+06,1685
359310,-1.2849e+06,1686
359280,-1.2849e+06,1687
359240,-1.285e+06,1688
358540,-1.2863e+06,1689
357870,-1.2877e+06,1690
357250,-1.289e+06,1691
357200,-1.2891e+06,1692
357130,-1.2892e+06,1693
357100,-1.2893e+06,1694
357070,-1.2894e+06,1695
357040,-1.2894e+06,1696
357010,-1.2895e+06,1697
356980,-1.2896e+06,1698
356950,-1.2896e+06,1699
356920,-1.2897e+06,1700
356860,-1.2898e+06,1701
356820,-1.2899e+06,1702
356780,-1.29e+06,1703
356730,-1.2901e+06,1704
356680,-1.2902e+06,1705
356650,-1.2903e+06,1706
356620,-1.2904e+06,1707
356600,-1.2904e+06,1708
355760,-1.2923e+06,1709
354890,-1.294e+06,1710
354850,-1.2941e+06,1711
354810,-1.2942e+06,1712
354760,-1.2943e+06,1713
354670,-1.2945e+06,1714
354630,-1.2946e+06,1715
354590,-1.2947e+06,1716
354540,-1.2948e+06,1717
354490,-1.2949e+06,1718
354380,-1.2951e+06,1719
354330,-1.2952e+06,1720
354280,-1.2953e+06,1721
354230,-1.2954e+06,1722
354160,-1.2955e+06,1723
354120,-1.2956e+06,1724
354080,-1.2957e+06,1725
354040,-1.2957e+06,1726
354000,-1.2958e+06,1727
353960,-1.2959e+06,1728
353920,-1.296e+06,1729
353880,-1.296e+06,1730
353840,-1.2961e+06,1731
353800,-1.2962e+06,1732
353760,-1.2963e+06,1733
353720,-1.2963e+06,1734
353680,-1.2964e+06,1735
353640,-1.2965e+06,1736
353600,-1.2966e+06,1737
353560,-1.2966e+06,1738
353520,-1.2967e+06,1739
353480,-1.2968e+06,1740
353440,-1.2969e+06,1741
353400,-1.297e+06,1742
353360,-1.297e+06,1743
353320,-1.2971e+06,1744
353280,-1.2972e+06,1745
353240,-1.2973e+06,1746
353200,-1.2973e+06,1747
353160,-1.2974e+06,1748
353110,-1.2975e+06,1749
353070,-1.2976e+06,1750
353030,-1.2976e+06,1751
352990,-1.2977e+06,1752
352950,-1.2978e+06,1753
352910,-1.2979e+06,1754
352870,-1.298e+06,1755
352830,-1.298e+06,1756
352790,-1.2981e+06,1757
352740,-1.2982e+06,1758
352700,-1.2983e+06,1759
352660,-1.2983e+06,1760
352620,-1.2984e+06,1761
352580,-1.2985e+06,1762
352540,-1.2986e+06,1763
352500,-1.2986e+06,1764
352450,-1.2987e+06,1765
352410,-1.2988e+06,1766
352370,-1.2989e+06,1767
352330,-1.2989e+06,1768
352290,-1.299e+06,1769
352250,-1.2991e+06,1770
352200,-1.2992e+06,1771
352160,-1.2992e+06,1772
352120,-1.2993e+06,1773
352080,-1.2994e+06,1774
352040,-1.2995e+06,1775
351990,-1.2995e+06,1776
351950,-1.2996e+06,1777
351910,-1.2997e+06,1778
351870,-1.2998e+06,1779
351820,-1.2999e+06,1780
351780,-1.2999e+06,1781
351740,-1.3e+06,1782
351700,-1.3001e+06,1783
351650,-1.3002e+06,1784
351610,-1.3002e+06,1785
351570,-1.3003e+06,1786
351530,-1.3004e+06,1787
351480,-1.3005e+06,1788
351440,-1.3005e+06,1789
351400,-1.3006e+06,1790
351360,-1.3007e+06,1791
351310,-1.3008e+06,1792
351270,-1.3008e+06,1793
351230,-1.3009e+06,1794
351180,-1.301e+06,1795
351140,-1.3011e+06,1796
351100,-1.3011e+06,1797
351050,-1.3012e+06,1798
351010,-1.3013e+06,1799
350960,-1.3014e+06,1800
350920,-1.3014e+06,1801
350870,-1.3015e+06,1802
350830,-1.3016e+06,1803
350780,-1.3017e+06,1804
350730,-1.3018e+06,1805
350690,-1.3018e+06,1806
350640,-1.3019e+06,1807
350600,-1.302e+06,1808
350550,-1.3021e+06,1809
350510,-1.3022e+06,1810
350460,-1.3022e+06,1811
350410,-1.3023e+06,1812
350370,-1.3024e+06,1813
350320,-1.3025e+06,1814
350280,-1.3025e+06,1815
350230,-1.3026e+06,1816
350180,-1.3027e+06,1817
350140,-1.3028e+06,1818
350090,-1.3029e+06,1819
350040,-1.3029e+06,1820
350000,-1.303e+06,1821
349950,-1.3031e+06,1822
349900,-1.3032e+06,1823
349860,-1.3033e+06,1824
349810,-1.3033e+06,1825
349760,-1.3034e+06,1826
349720,-1.3035e+06,1827
349670,-1.3036e+06,1828
349620,-1.3036e+06,1829
349580,-1.3037e+06,1830
349530,-1.3038e+06,1831
349480,-1.3039e+06,1832
349440,-1.304e+06,1833
349390,-1.304e+06,1834
349340,-1.3041e+06,1835
349290,-1.3042e+06,1836
349250,-1.3043e+06,1837
349200,-1.3043e+06,1838
349150,-1.3044e+06,1839
349110,-1.3045e+06,1840
349060,-1.3046e+06,1841
349010,-1.3047e+06,1842
348960,-1.3047e+06,1843
348920,-1.3048e+06,1844
348870,-1.3049e+06,1845
348820,-1.305e+06,1846
348770,-1.3051e+06,1847
348680,-1.3052e+06,1848
348600,-1.3053e+06,1849
348520,-1.3055e+06,1850
348430,-1.3056e+06,1851
348320,-1.3058e+06,1852
348100,-1.3062e+06,1853
348000,-1.3063e+06,1854
347890,-1.3065e+06,1855
347770,-1.3067e+06,1856
347710,-1.3068e+06,1857
347660,-1.3069e+06,1858
347590,-1.307e+06,1859
347420,-1.3073e+06,1860
347280,-1.3075e+06,1861
347100,-1.3078e+06,1862
346920,-1.3081e+06,1863
346790,-1.3083e+06,1864
346650,-1.3085e+06,1865
346500,-1.3088e+06,1866
346290,-1.3091e+06,1867
346120,-1.3094e+06,1868
345950,-1.3096e+06,1869
345770,-1.3099e+06,1870
345700,-1.31e+06,1871
345640,-1.3101e+06,1872
345580,-1.3102e+06,1873
345510,-1.3104e+06,1874
345440,-1.3105e+06,1875
345380,-1.3106e+06,1876
345310,-1.3107e+06,1877
345240,-1.3108e+06,1878
345180,-1.3109e+06,1879
345110,-1.311e+06,1880
345040,-1.3111e+06,1881
344970,-1.3112e+06,1882
344910,-1.3113e+06,1883
344840,-1.3114e+06,1884
344770,-1.3115e+06,1885
344700,-1.3116e+06,1886
344640,-1.3117e+06,1887
344570,-1.3119e+06,1888
344500,-1.312e+06,1889
344430,-1.3121e+06,1890
344370,-1.3122e+06,1891
344300,-1.3123e+06,1892
344230,-1.3124e+06,1893
344160,-1.3125e+06,1894
344100,-1.3126e+06,1895
344030,-1.3127e+06,1896
343960,-1.3128e+06,1897
343890,-1.3129e+06,1898
343820,-1.313e+06,1899
343760,-1.3131e+06,1900
343690,-1.3132e+06,1901
343620,-1.3134e+06,1902
343550,-1.3135e+06,1903
343480,-1.3136e+06,1904
343420,-1.3137e+06,1905
343350,-1.3138e+06,1906
343280,-1.3139e+06,1907
340320,-1.3185e+06,1908
340190,-1.3187e+06,1909
340070,-1.3189e+06,1910
339930,-1.3192e+06,1911
339650,-1.3196e+06,1912
339530,-1.3198e+06,1913
339470,-1.3199e+06,1914
339400,-1.32e+06,1915
339280,-1.3202e+06,1916
339180,-1.3204e+06,1917
339080,-1.3205e+06,1918
338970,-1.3207e+06,1919
338850,-1.3209e+06,1920
338710,-1.3211e+06,1921
338490,-1.3215e+06,1922
338370,-1.3217e+06,1923
338240,-1.3219e+06,1924
338100,-1.3221e+06,1925
337950,-1.3224e+06,1926
337900,-1.3224e+06,1927
337840,-1.3225e+06,1928
337790,-1.3226e+06,1929
337730,-1.3227e+06,1930
337670,-1.3228e+06,1931
337610,-1.3229e+06,1932
337550,-1.323e+06,1933
337490,-1.3231e+06,1934
337430,-1.3232e+06,1935
337370,-1.3233e+06,1936
337310,-1.3234e+06,1937
337250,-1.3235e+06,1938
337200,-1.3236e+06,1939
337140,-1.3237e+06,1940
337080,-1.3238e+06,1941
337020,-1.3239e+06,1942
336960,-1.324e+06,1943
336900,-1.3241e+06,1944
336850,-1.3242e+06,1945
336790,-1.3243e+06,1946
336730,-1.3244e+06,1947
336670,-1.3245e+06,1948
336610,-1.3246e+06,1949
336560,-1.3247e+06,1950
336500,-1.3248e+06,1951
336440,-1.3249e+06,1952
336380,-1.325e+06,1953
336330,-1.3251e+06,1954
336270,-1.3252e+06,1955
336210,-1.3253e+06,1956
336150,-1.3254e+06,1957
336100,-1.3255e+06,1958
336040,-1.3256e+06,1959
335980,-1.3257e+06,1960
335920,-1.3258e+06,1961
335870,-1.3259e+06,1962
335810,-1.326e+06,1963
335750,-1.3261e+06,1964
334150,-1.3289e+06,1965
334070,-1.3291e+06,1966
333990,-1.3292e+06,1967
333910,-1.3294e+06,1968
333850,-1.3295e+06,1969
333800,-1.3296e+06,1970
333750,-1.3296e+06,1971
333700,-1.3297e+06,1972
333640,-1.3298e+06,1973
333590,-1.3299e+06,1974
333540,-1.33e+06,1975
333490,-1.3301e+06,1976
333430,-1.3302e+06,1977
333380,-1.3303e+06,1978
333330,-1.3304e+06,1979
333270,-1.3305e+06,1980
333220,-1.3306e+06,1981
333170,-1.3307e+06,1982
333110,-1.3308e+06,1983
333060,-1.3309e+06,1984
333010,-1.331e+06,1985
332950,-1.3311e+06,1986
332900,-1.3312e+06,1987
332840,-1.3313e+06,1988
332790,-1.3314e+06,1989
332740,-1.3315e+06,1990
332680,-1.3316e+06,1991
332630,-1.3317e+06,1992
332570,-1.3318e+06,1993
332520,-1.3319e+06,1994
332470,-1.332e+06,1995
332410,-1.3321e+06,1996
332360,-1.3321e+06,1997
332300,-1.3322e+06,1998
332250,-1.3323e+06,1999
332190,-1.3324e+06,2000
332140,-1.3325e+06,2001
332090,-1.3326e+06,2002
332030,-1.3327e+06,2003
331980,-1.3328e+06,2004
331920,-1.3329e+06,2005
331870,-1.333e+06,2006
331810,-1.3331e+06,2007
331760,-1.3332e+06,2008
331700,-1.3333e+06,2009
331650,-1.3334e+06,2010
331590,-1.3335e+06,2011
331540,-1.3336e+06,2012
331480,-1.3337e+06,2013
331420,-1.3338e+06,2014
331370,-1.3339e+06,2015
331310,-1.334e+06,2016
331260,-1.3341e+06,2017
331200,-1.3341e+06,2018
331150,-1.3342e+06,2019
331090,-1.3343e+06,2020
331040,-1.3344e+06,2021
330920,-1.3346e+06,2022
330810,-1.3348e+06,2023
330700,-1.335e+06,2024
330570,-1.3352e+06,2025
330430,-1.3355e+06,2026
330380,-1.3356e+06,2027
330330,-1.3356e+06,2028
330270,-1.3357e+06,2029
330220,-1.3358e+06,2030
330170,-1.3359e+06,2031
330110,-1.336e+06,2032
330060,-1.3361e+06,2033
330010,-1.3362e+06,2034
329960,-1.3363e+06,2035
329900,-1.3364e+06,2036
329850,-1.3365e+06,2037
329800,-1.3365e+06,2038
329750,-1.3366e+06,2039
329690,-1.3367e+06,2040
329640,-1.3368e+06,2041
329590,-1.3369e+06,2042
329540,-1.337e+06,2043
329490,-1.3371e+06,2044
329430,-1.3372e+06,2045
329380,-1.3373e+06,2046
329330,-1.3374e+06,2047
329280,-1.3375e+06,2048
329230,-1.3375e+06,2049
329170,-1.3376e+06,2050
329120,-1.3377e+06,2051
329070,-1.3378e+06,2052
329020,-1.3379e+06,2053
328970,-1.338e+06,2054
328920,-1.3381e+06,2055
328860,-1.3382e+06,2056
328810,-1.3383e+06,2057
328760,-1.3384e+06,2058
328710,-1.3385e+06,2059
328660,-1.3385e+06,2060
328610,-1.3386e+06,2061
328550,-1.3387e+06,2062
328500,-1.3388e+06,2063
328450,-1.3389e+06,2064
328400,-1.339e+06,2065
328350,-1.3391e+06,2066
328300,-1.3392e+06,2067
328250,-1.3393e+06,2068
328200,-1.3394e+06,2069
328150,-1.3395e+06,2070
328090,-1.3395e+06,2071
328040,-1.3396e+06,2072
327990,-1.3397e+06,2073
327940,-1.3398e+06,2074
327890,-1.3399e+06,2075
327840,-1.34e+06,2076
327790,-1.3401e+06,2077
327740,-1.3402e+06,2078
327690,-1.3403e+06,2079
327580,-1.3405e+06,2080
327490,-1.3406e+06,2081
327400,-1.3408e+06,2082
327300,-1.341e+06,2083
327190,-1.3412e+06,2084
327070,-1.3414e+06,2085
326950,-1.3416e+06,2086
326840,-1.3418e+06,2087
326790,-1.3419e+06,2088
326750,-1.342e+06,2089
326700,-1.3421e+06,2090
326660,-1.3422e+06,2091
326620,-1.3422e+06,2092
326570,-1.3423e+06,2093
326530,-1.3424e+06,2094
326490,-1.3425e+06,2095
326440,-1.3426e+06,2096
326400,-1.3427e+06,2097
326350,-1.3427e+06,2098
326310,-1.3428e+06,2099
326260,-1.3429e+06,2100
326220,-1.343e+06,2101
326170,-1.3431e+06,2102
326130,-1.3432e+06,2103
326080,-1.3432e+06,2104
326040,-1.3433e+06,2105
325990,-1.3434e+06,2106
325950,-1.3435e+06,2107
325900,-1.3436e+06,2108
325860,-1.3437e+06,2109
325810,-1.3437e+06,2110
325770,-1.3438e+06,2111
325720,-1.3439e+06,2112
325680,-1.344e+06,2113
325630,-1.3441e+06,2114
325590,-1.3442e+06,2115
325540,-1.3442e+06,2116
325500,-1.3443e+06,2117
325450,-1.3444e+06,2118
325410,-1.3445e+06,2119
325370,-1.3446e+06,2120
325320,-1.3447e+06,2121
325280,-1.3447e+06,2122
325230,-1.3448e+06,2123
325190,-1.3449e+06,2124
325140,-1.345e+06,2125
325100,-1.3451e+06,2126
325050,-1.3452e+06,2127
325010,-1.3452e+06,2128
324960,-1.3453e+06,2129
324920,-1.3454e+06,2130
324870,-1.3455e+06,2131
324830,-1.3456e+06,2132
324780,-1.3457e+06,2133
324740,-1.3457e+06,2134
324700,-1.3458e+06,2135
324650,-1.3459e+06,2136
324610,-1.346e+06,2137
324560,-1.3461e+06,2138
324520,-1.3462e+06,2139
324470,-1.3462e+06,2140
324430,-1.3463e+06,2141
324380,-1.3464e+06,2142
324340,-1.3465e+06,2143
324300,-1.3466e+06,2144
324250,-1.3467e+06,2145
324210,-1.3467e+06,2146
324160,-1.3468e+06,2147
324120,-1.3469e+06,2148
324070,-1.347e+06,2149
324030,-1.3471e+06,2150
323990,-1.3472e+06,2151
323940,-1.3472e+06,2152
323900,-1.3473e+06,2153
323850,-1.3474e+06,2154
323810,-1.3475e+06,2155
323760,-1.3476e+06,2156
323720,-1.3477e+06,2157
323680,-1.3477e+06,2158
323630,-1.3478e+06,2159
323590,-1.3479e+06,2160
323540,-1.348e+06,2161
323500,-1.3481e+06,2162
323450,-1.3482e+06,2163
323410,-1.3483e+06,2164
323370,-1.3483e+06,2165
323280,-1.3485e+06,2166
323220,-1.3486e+06,2167
323170,-1.3487e+06,2168
323110,-1.3488e+06,2169
323050,-1.3489e+06,2170
323010,-1.349e+06,2171
322970,-1.3491e+06,2172
322920,-1.3492e+06,2173
322870,-1.3493e+06,2174
322820,-1.3494e+06,2175
322780,-1.3495e+06,2176
322730,-1.3495e+06,2177
322680,-1.3496e+06,2178
322640,-1.3497e+06,2179
322590,-1.3498e+06,2180
322540,-1.3499e+06,2181
322490,-1.35e+06,2182
322440,-1.3501e+06,2183
322400,-1.3502e+06,2184
322350,-1.3503e+06,2185
322300,-1.3504e+06,2186
322250,-1.3504e+06,2187
322200,-1.3505e+06,2188
322160,-1.3506e+06,2189
322110,-1.3507e+06,2190
322060,-1.3508e+06,2191
322010,-1.3509e+06,2192
321960,-1.351e+06,2193
321910,-1.3511e+06,2194
321860,-1.3512e+06,2195
321810,-1.3513e+06,2196
321770,-1.3513e+06,2197
321720,-1.3514e+06,2198
321670,-1.3515e+06,2199
321620,-1.3516e+06,2200
321570,-1.3517e+06,2201
321520,-1.3518e+06,2202
321470,-1.3519e+06,2203
321420,-1.352e+06,2204
321370,-1.3521e+06,2205
321320,-1.3521e+06,2206
321270,-1.3522e+06,2207
321220,-1.3523e+06,2208
321170,-1.3524e+06,2209
321120,-1.3525e+06,2210
321070,-1.3526e+06,2211
321020,-1.3527e+06,2212
320970,-1.3528e+06,2213
320920,-1.3529e+06,2214
320870,-1.3529e+06,2215
320820,-1.353e+06,2216
320770,-1.3531e+06,2217
320720,-1.3532e+06,2218
320670,-1.3533e+06,2219
320620,-1.3534e+06,2220
320570,-1.3535e+06,2221
320520,-1.3536e+06,2222
320460,-1.3536e+06,2223
320410,-1.3537e+06,2224
320360,-1.3538e+06,2225
320310,-1.3539e+06,2226
320260,-1.354e+06,2227
320210,-1.3541e+06,2228
320160,-1.3542e+06,2229
320100,-1.3543e+06,2230
320050,-1.3543e+06,2231
317550,-1.3586e+06,2232
317350,-1.359e+06,2233
317250,-1.3591e+06,2234
317130,-1.3593e+06,2235
316920,-1.3597e+06,2236
316810,-1.3599e+06,2237
316720,-1.36e+06,2238
316630,-1.3602e+06,2239
316530,-1.3603e+06,2240
316400,-1.3605e+06,2241
316230,-1.3608e+06,2242
316130,-1.361e+06,2243
316030,-1.3612e+06,2244
315930,-1.3613e+06,2245
315810,-1.3615e+06,2246
315670,-1.3618e+06,2247
315610,-1.3619e+06,2248
315560,-1.362e+06,2249
312910,-1.3664e+06,2250
312670,-1.3667e+06,2251
312510,-1.367e+06,2252
312390,-1.3672e+06,2253
312300,-1.3673e+06,2254
312210,-1.3675e+06,2255
312110,-1.3676e+06,2256
311930,-1.368e+06,2257
311850,-1.3681e+06,2258
311760,-1.3682e+06,2259
311670,-1.3684e+06,2260
311570,-1.3685e+06,2261
311500,-1.3687e+06,2262
311440,-1.3687e+06,2263
311390,-1.3688e+06,2264
311340,-1.3689e+06,2265
311240,-1.3691e+06,2266
311130,-1.3693e+06,2267
311010,-1.3695e+06,2268
310960,-1.3695e+06,2269
310910,-1.3696e+06,2270
308560,-1.3734e+06,2271
306240,-1.3773e+06,2272
306120,-1.3775e+06,2273
305050,-1.3794e+06,2274
305010,-1.3795e+06,2275
304970,-1.3796e+06,2276
304920,-1.3797e+06,2277
304880,-1.3798e+06,2278
304830,-1.3798e+06,2279
304780,-1.3799e+06,2280
304730,-1.38e+06,2281
304690,-1.3801e+06,2282
304640,-1.3802e+06,2283
304590,-1.3803e+06,2284
304550,-1.3804e+06,2285
304500,-1.3804e+06,2286
304450,-1.3805e+06,2287
304410,-1.3806e+06,2288
304360,-1.3807e+06,2289
304310,-1.3808e+06,2290
304270,-1.3809e+06,2291
304220,-1.381e+06,2292
304180,-1.3811e+06,2293
304130,-1.3811e+06,2294
304080,-1.3812e+06,2295
304040,-1.3813e+06,2296
303990,-1.3814e+06,2297
303950,-1.3815e+06,2298
303900,-1.3816e+06,2299
303850,-1.3817e+06,2300
303810,-1.3818e+06,2301
303760,-1.3818e+06,2302
303720,-1.3819e+06,2303
303670,-1.382e+06,2304
303630,-1.3821e+06,2305
303580,-1.3822e+06,2306
303540,-1.3823e+06,2307
303490,-1.3824e+06,2308
303450,-1.3825e+06,2309
303400,-1.3825e+06,2310
303350,-1.3826e+06,2311
303310,-1.3827e+06,2312
303270,-1.3828e+06,2313
303220,-1.3829e+06,2314
303180,-1.383e+06,2315
303130,-1.3831e+06,2316
303090,-1.3832e+06,2317
303040,-1.3832e+06,2318
303000,-1.3833e+06,2319
302950,-1.3834e+06,2320
302900,-1.3835e+06,2321
302850,-1.3836e+06,2322
302810,-1.3837e+06,2323
302760,-1.3838e+06,2324
302720,-1.3839e+06,2325
302670,-1.384e+06,2326
302620,-1.3841e+06,2327
302580,-1.3842e+06,2328
302530,-1.3843e+06,2329
302480,-1.3844e+06,2330
302440,-1.3844e+06,2331
302390,-1.3845e+06,2332
302350,-1.3846e+06,2333
302300,-1.3847e+06,2334
302250,-1.3848e+06,2335
302210,-1.3849e+06,2336
302160,-1.385e+06,2337
302120,-1.3851e+06,2338
302070,-1.3852e+06,2339
302020,-1.3853e+06,2340
301980,-1.3854e+06,2341
301930,-1.3855e+06,2342
301890,-1.3856e+06,2343
301840,-1.3857e+06,2344
301800,-1.3858e+06,2345
301750,-1.3858e+06,2346
301710,-1.3859e+06,2347
301660,-1.386e+06,2348
301620,-1.3861e+06,2349
301570,-1.3862e+06,2350
301530,-1.3863e+06,2351
301480,-1.3864e+06,2352
300550,-1.3883e+06,2353
299610,-1.3902e+06,2354
298690,-1.392e+06,2355
298620,-1.3921e+06,2356
298540,-1.3922e+06,2357
298430,-1.3925e+06,2358
298300,-1.3927e+06,2359
298250,-1.3928e+06,2360
298210,-1.3929e+06,2361
298160,-1.393e+06,2362
298090,-1.3931e+06,2363
298010,-1.3933e+06,2364
297950,-1.3934e+06,2365
297890,-1.3935e+06,2366
297810,-1.3936e+06,2367
297720,-1.3938e+06,2368
297630,-1.394e+06,2369
297590,-1.394e+06,2370
297540,-1.3941e+06,2371
297500,-1.3942e+06,2372
297450,-1.3943e+06,2373
297400,-1.3944e+06,2374
297360,-1.3945e+06,2375
297310,-1.3945e+06,2376
297260,-1.3946e+06,2377
297210,-1.3947e+06,2378
297170,-1.3948e+06,2379
297120,-1.3949e+06,2380
297070,-1.395e+06,2381
297020,-1.3951e+06,2382
296980,-1.3951e+06,2383
296930,-1.3952e+06,2384
296880,-1.3953e+06,2385
296830,-1.3954e+06,2386
296790,-1.3955e+06,2387
296740,-1.3956e+06,2388
296690,-1.3956e+06,2389
296640,-1.3957e+06,2390
296590,-1.3958e+06,2391
296540,-1.3959e+06,2392
296500,-1.396e+06,2393
296450,-1.3961e+06,2394
296400,-1.3962e+06,2395
296350,-1.3962e+06,2396
296300,-1.3963e+06,2397
296250,-1.3964e+06,2398
296210,-1.3965e+06,2399
296160,-1.3966e+06,2400
296110,-1.3967e+06,2401
296060,-1.3968e+06,2402
296010,-1.3968e+06,2403
295960,-1.3969e+06,2404
295910,-1.397e+06,2405
295860,-1.3971e+06,2406
295810,-1.3972e+06,2407
295770,-1.3973e+06,2408
295720,-1.3973e+06,2409
295670,-1.3974e+06,2410
295620,-1.3975e+06,2411
295570,-1.3976e+06,2412
295520,-1.3977e+06,2413
295470,-1.3978e+06,2414
295420,-1.3978e+06,2415
295370,-1.3979e+06,2416
295320,-1.398e+06,2417
295270,-1.3981e+06,2418
295220,-1.3982e+06,2419
295170,-1.3983e+06,2420
295120,-1.3984e+06,2421
295070,-1.3984e+06,2422
295020,-1.3985e+06,2423
294970,-1.3986e+06,2424
294920,-1.3987e+06,2425
294870,-1.3988e+06,2426
294820,-1.3989e+06,2427
294770,-1.3989e+06,2428
294720,-1.399e+06,2429
294670,-1.3991e+06,2430
294620,-1.3992e+06,2431
294560,-1.3993e+06,2432
294510,-1.3994e+06,2433
294460,-1.3994e+06,2434
294410,-1.3995e+06,2435
294360,-1.3996e+06,2436
294310,-1.3997e+06,2437
294260,-1.3998e+06,2438
294180,-1.3999e+06,2439
294070,-1.4001e+06,2440
293970,-1.4002e+06,2441
293870,-1.4004e+06,2442
293770,-1.4006e+06,2443
293720,-1.4006e+06,2444
293680,-1.4007e+06,2445
293640,-1.4008e+06,2446
293590,-1.4008e+06,2447
293550,-1.4009e+06,2448
293500,-1.401e+06,2449
293460,-1.4011e+06,2450
293410,-1.4011e+06,2451
293360,-1.4012e+06,2452
293320,-1.4013e+06,2453
293270,-1.4013e+06,2454
293230,-1.4014e+06,2455
293180,-1.4015e+06,2456
293130,-1.4016e+06,2457
293090,-1.4016e+06,2458
293040,-1.4017e+06,2459
292990,-1.4018e+06,2460
292950,-1.4018e+06,2461
292900,-1.4019e+06,2462
292850,-1.402e+06,2463
292810,-1.4021e+06,2464
292760,-1.4021e+06,2465
292710,-1.4022e+06,2466
292670,-1.4023e+06,2467
292620,-1.4023e+06,2468
292570,-1.4024e+06,2469
292530,-1.4025e+06,2470
292480,-1.4026e+06,2471
292430,-1.4026e+06,2472
292380,-1.4027e+06,2473
292340,-1.4028e+06,2474
292290,-1.4028e+06,2475
292240,-1.4029e+06,2476
292190,-1.403e+06,2477
292150,-1.4031e+06,2478
292100,-1.4031e+06,2479
292050,-1.4032e+06,2480
292000,-1.4033e+06,2481
291950,-1.4033e+06,2482
291910,-1.4034e+06,2483
291860,-1.4035e+06,2484
291810,-1.4035e+06,2485
291760,-1.4036e+06,2486
291710,-1.4037e+06,2487
291660,-1.4038e+06,2488
291620,-1.4038e+06,2489
291570,-1.4039e+06,2490
291520,-1.404e+06,2491
291470,-1.404e+06,2492
291420,-1.4041e+06,2493
291370,-1.4042e+06,2494
291320,-1.4042e+06,2495
291270,-1.4043e+06,2496
291220,-1.4044e+06,2497
291170,-1.4045e+06,2498
291130,-1.4045e+06,2499
291080,-1.4046e+06,2500
291030,-1.4047e+06,2501
290980,-1.4047e+06,2502
290930,-1.4048e+06,2503
290880,-1.4049e+06,2504
290830,-1.4049e+06,2505
290780,-1.405e+06,2506
290730,-1.4051e+06,2507
290680,-1.4052e+06,2508
290630,-1.4052e+06,2509
290580,-1.4053e+06,2510
290520,-1.4054e+06,2511
290470,-1.4054e+06,2512
290420,-1.4055e+06,2513
290370,-1.4056e+06,2514
290320,-1.4056e+06,2515
290270,-1.4057e+06,2516
290220,-1.4058e+06,2517
290160,-1.4059e+06,2518
290110,-1.4059e+06,2519
290050,-1.406e+06,2520
290000,-1.4061e+06,2521
289950,-1.4062e+06,2522
289890,-1.4062e+06,2523
289840,-1.4063e+06,2524
289790,-1.4064e+06,2525
289730,-1.4065e+06,2526
289670,-1.4065e+06,2527
289610,-1.4066e+06,2528
289550,-1.4067e+06,2529
289500,-1.4068e+06,2530
289440,-1.4069e+06,2531
289380,-1.407e+06,2532
289320,-1.407e+06,2533
289270,-1.4071e+06,2534
289210,-1.4072e+06,2535
289150,-1.4073e+06,2536
289090,-1.4074e+06,2537
289040,-1.4075e+06,2538
288980,-1.4075e+06,2539
288920,-1.4076e+06,2540
288870,-1.4077e+06,2541
288810,-1.4078e+06,2542
288760,-1.4079e+06,2543
288700,-1.4079e+06,2544
288640,-1.408e+06,2545
288590,-1.4081e+06,2546
288530,-1.4082e+06,2547
288480,-1.4083e+06,2548
288420,-1.4084e+06,2549
288370,-1.4084e+06,2550
288310,-1.4085e+06,2551
288260,-1.4086e+06,2552
288200,-1.4087e+06,2553
288150,-1.4088e+06,2554
288090,-1.4089e+06,2555
288040,-1.409e+06,2556
287980,-1.409e+06,2557
287930,-1.4091e+06,2558
287870,-1.4092e+06,2559
287820,-1.4093e+06,2560
287770,-1.4094e+06,2561
287710,-1.4095e+06,2562
287660,-1.4095e+06,2563
287610,-1.4096e+06,2564
287550,-1.4097e+06,2565
287500,-1.4098e+06,2566
287450,-1.4099e+06,2567
287390,-1.41e+06,2568
287340,-1.4101e+06,2569
287290,-1.4101e+06,2570
287240,-1.4102e+06,2571
287180,-1.4103e+06,2572
287130,-1.4104e+06,2573
287080,-1.4105e+06,2574
287030,-1.4106e+06,2575
286980,-1.4107e+06,2576
286920,-1.4107e+06,2577
286870,-1.4108e+06,2578
286820,-1.4109e+06,2579
286760,-1.411e+06,2580
286710,-1.4111e+06,2581
286650,-1.4112e+06,2582
286590,-1.4113e+06,2583
286540,-1.4114e+06,2584
286480,-1.4115e+06,2585
286430,-1.4116e+06,2586
286370,-1.4117e+06,2587
286310,-1.4118e+06,2588
286260,-1.4119e+06,2589
286200,-1.4119e+06,2590
286150,-1.412e+06,2591
286090,-1.4121e+06,2592
286040,-1.4122e+06,2593
285980,-1.4123e+06,2594
285920,-1.4124e+06,2595
285870,-1.4125e+06,2596
285810,-1.4126e+06,2597
285760,-1.4127e+06,2598
285700,-1.4128e+06,2599
285650,-1.4129e+06,2600
285590,-1.413e+06,2601
285530,-1.4131e+06,2602
285470,-1.4132e+06,2603
285410,-1.4133e+06,2604
285350,-1.4134e+06,2605
285290,-1.4135e+06,2606
285230,-1.4136e+06,2607
285160,-1.4137e+06,2608
285100,-1.4138e+06,2609
285040,-1.4139e+06,2610
284980,-1.414e+06,2611
284920,-1.4141e+06,2612
284860,-1.4142e+06,2613
284800,-1.4143e+06,2614
284740,-1.4144e+06,2615
284680,-1.4145e+06,2616
284610,-1.4146e+06,2617
284550,-1.4147e+06,2618
284490,-1.4148e+06,2619
284430,-1.415e+06,2620
284370,-1.4151e+06,2621
284310,-1.4152e+06,2622
284250,-1.4153e+06,2623
284190,-1.4154e+06,2624
284120,-1.4155e+06,2625
284060,-1.4156e+06,2626
284000,-1.4157e+06,2627
283940,-1.4158e+06,2628
283880,-1.4159e+06,2629
283820,-1.416e+06,2630
283760,-1.4161e+06,2631
283690,-1.4162e+06,2632
283630,-1.4163e+06,2633
283570,-1.4164e+06,2634
283510,-1.4165e+06,2635
283450,-1.4166e+06,2636
283390,-1.4167e+06,2637
283330,-1.4168e+06,2638
283260,-1.4169e+06,2639
283200,-1.417e+06,2640
283140,-1.4171e+06,2641
283080,-1.4172e+06,2642
283020,-1.4173e+06,2643
282960,-1.4174e+06,2644
282890,-1.4175e+06,2645
282830,-1.4176e+06,2646
282770,-1.4177e+06,2647
282710,-1.4178e+06,2648
282650,-1.418e+06,2649
282590,-1.4181e+06,2650
282520,-1.4182e+06,2651
281120,-1.4205e+06,2652
280980,-1.4207e+06,2653
280920,-1.4208e+06,2654
280870,-1.4209e+06,2655
280100,-1.4221e+06,2656
279360,-1.4233e+06,2657
278660,-1.4244e+06,2658
278010,-1.4254e+06,2659
277390,-1.4264e+06,2660
276810,-1.4272e+06,2661
276700,-1.4274e+06,2662
276640,-1.4275e+06,2663
276580,-1.4276e+06,2664
276520,-1.4277e+06,2665
276450,-1.4278e+06,2666
276390,-1.4279e+06,2667
275300,-1.4295e+06,2668
274160,-1.4311e+06,2669
272920,-1.4328e+06,2670
272770,-1.433e+06,2671
272700,-1.4331e+06,2672
272620,-1.4332e+06,2673
272530,-1.4333e+06,2674
272410,-1.4335e+06,2675
272310,-1.4336e+06,2676
272210,-1.4338e+06,2677
272100,-1.4339e+06,2678
271990,-1.4341e+06,2679
271910,-1.4342e+06,2680
271840,-1.4343e+06,2681
271760,-1.4344e+06,2682
271690,-1.4345e+06,2683
271610,-1.4346e+06,2684
271530,-1.4347e+06,2685
271460,-1.4348e+06,2686
271380,-1.4349e+06,2687
271300,-1.435e+06,2688
271230,-1.4351e+06,2689
271150,-1.4352e+06,2690
271070,-1.4353e+06,2691
271000,-1.4354e+06,2692
270920,-1.4354e+06,2693
270840,-1.4355e+06,2694
270760,-1.4356e+06,2695
270680,-1.4357e+06,2696
270600,-1.4358e+06,2697
270530,-1.4359e+06,2698
270450,-1.436e+06,2699
270370,-1.4361e+06,2700
270290,-1.4362e+06,2701
270210,-1.4363e+06,2702
270130,-1.4364e+06,2703
270050,-1.4365e+06,2704
269970,-1.4366e+06,2705
269890,-1.4367e+06,2706
269810,-1.4368e+06,2707
269730,-1.4369e+06,2708
269650,-1.437e+06,2709
269570,-1.4371e+06,2710
269480,-1.4372e+06,2711
269400,-1.4373e+06,2712
269320,-1.4374e+06,2713
269240,-1.4375e+06,2714
269160,-1.4376e+06,2715
269070,-1.4377e+06,2716
268990,-1.4378e+06,2717
268910,-1.4379e+06,2718
268820,-1.438e+06,2719
268740,-1.438e+06,2720
268650,-1.4381e+06,2721
268570,-1.4382e+06,2722
268490,-1.4383e+06,2723
268400,-1.4384e+06,2724
268320,-1.4385e+06,2725
268230,-1.4386e+06,2726
268140,-1.4387e+06,2727
268060,-1.4388e+06,2728
267970,-1.4389e+06,2729
267880,-1.439e+06,2730
267800,-1.4391e+06,2731
267710,-1.4392e+06,2732
267620,-1.4392e+06,2733
267530,-1.4393e+06,2734
267450,-1.4394e+06,2735
267360,-1.4395e+06,2736
267270,-1.4396e+06,2737
267180,-1.4397e+06,2738
267090,-1.4398e+06,2739
267000,-1.4399e+06,2740
266910,-1.4399e+06,2741
266820,-1.44e+06,2742
266720,-1.4401e+06,2743
266630,-1.4402e+06,2744
266540,-1.4403e+06,2745
266370,-1.4404e+06,2746
266280,-1.4405e+06,2747
266200,-1.4406e+06,2748
266110,-1.4407e+06,2749
266030,-1.4408e+06,2750
265950,-1.4408e+06,2751
265870,-1.4409e+06,2752
265780,-1.441e+06,2753
265690,-1.4411e+06,2754
265610,-1.4412e+06,2755
265520,-1.4412e+06,2756
265430,-1.4413e+06,2757
265340,-1.4414e+06,2758
265260,-1.4415e+06,2759
265170,-1.4416e+06,2760
265080,-1.4416e+06,2761
264990,-1.4417e+06,2762
264900,-1.4418e+06,2763
264820,-1.4419e+06,2764
264730,-1.442e+06,2765
264640,-1.4421e+06,2766
264550,-1.4421e+06,2767
264470,-1.4422e+06,2768
264380,-1.4423e+06,2769
264290,-1.4424e+06,2770
264200,-1.4425e+06,2771
264110,-1.4425e+06,2772
264030,-1.4426e+06,2773
263940,-1.4427e+06,2774
263850,-1.4428e+06,2775
263760,-1.4429e+06,2776
263670,-1.4429e+06,2777
263580,-1.443e+06,2778
263500,-1.4431e+06,2779
263410,-1.4432e+06,2780
263320,-1.4433e+06,2781
263230,-1.4433e+06,2782
263140,-1.4434e+06,2783
263060,-1.4435e+06,2784
262970,-1.4436e+06,2785
262880,-1.4437e+06,2786
262790,-1.4437e+06,2787
262700,-1.4438e+06,2788
262610,-1.4439e+06,2789
262520,-1.444e+06,2790
262440,-1.4441e+06,2791
262350,-1.4442e+06,2792
262260,-1.4442e+06,2793
262170,-1.4443e+06,2794
262080,-1.4444e+06,2795
261990,-1.4445e+06,2796
261900,-1.4446e+06,2797
261820,-1.4446e+06,2798
261730,-1.4447e+06,2799
261640,-1.4448e+06,2800
261550,-1.4449e+06,2801
261460,-1.445e+06,2802
261370,-1.445e+06,2803
261280,-1.4451e+06,2804
261190,-1.4452e+06,2805
261100,-1.4453e+06,2806
261020,-1.4454e+06,2807
260930,-1.4454e+06,2808
260840,-1.4455e+06,2809
260750,-1.4456e+06,2810
260660,-1.4457e+06,2811
260570,-1.4457e+06,2812
260480,-1.4458e+06,2813
260390,-1.4459e+06,2814
260300,-1.446e+06,2815
260210,-1.4461e+06,2816
260120,-1.4461e+06,2817
260030,-1.4462e+06,2818
259940,-1.4463e+06,2819
259860,-1.4464e+06,2820
259770,-1.4465e+06,2821
259680,-1.4465e+06,2822
259590,-1.4466e+06,2823
259500,-1.4467e+06,2824
259410,-1.4468e+06,2825
259320,-1.4469e+06,2826
259230,-1.4469e+06,2827
259080,-1.4471e+06,2828
258890,-1.4472e+06,2829
258680,-1.4474e+06,2830
258520,-1.4476e+06,2831
258350,-1.4477e+06,2832
258170,-1.4479e+06,2833
257960,-1.4481e+06,2834
257880,-1.4481e+06,2835
257790,-1.4482e+06,2836
257700,-1.4483e+06,2837
257620,-1.4484e+06,2838
257530,-1.4484e+06,2839
257440,-1.4485e+06,2840
257350,-1.4486e+06,2841
257270,-1.4487e+06,2842
257180,-1.4488e+06,2843
257090,-1.4488e+06,2844
257010,-1.4489e+06,2845
256920,-1.449e+06,2846
256830,-1.4491e+06,2847
256740,-1.4491e+06,2848
256660,-1.4492e+06,2849
256570,-1.4493e+06,2850
256480,-1.4494e+06,2851
256390,-1.4494e+06,2852
256310,-1.4495e+06,2853
256220,-1.4496e+06,2854
256130,-1.4497e+06,2855
256040,-1.4498e+06,2856
255960,-1.4498e+06,2857
255870,-1.4499e+06,2858
255780,-1.45e+06,2859
255690,-1.4501e+06,2860
255600,-1.4501e+06,2861
255520,-1.4502e+06,2862
255430,-1.4503e+06,2863
255340,-1.4504e+06,2864
255250,-1.4504e+06,2865
255170,-1.4505e+06,2866
255080,-1.4506e+06,2867
254990,-1.4507e+06,2868
254900,-1.4508e+06,2869
254820,-1.4508e+06,2870
254730,-1.4509e+06,2871
254640,-1.451e+06,2872
254550,-1.4511e+06,2873
